{
    "summary": {
        "name": "BIDS app example",
        "descriptor-doi": "10.5281/zenodo.1451001",
        "date-time": "2020-12-04_12h06m05s852134ms"
    },
    "public-invocation": {
        "bids_dir": {
            "file-name": "data_BIDS",
            "files": [
                {
                    "file-name": "dataset_description.json",
                    "md5sum": "d0e86d0d911d9cae0c45c882bedc1229"
                },
                {
                    "file-name": "sub-032633",
                    "files": [
                        {
                            "file-name": "ses-001",
                            "files": [
                                {
                                    "file-name": "anat",
                                    "files": [
                                        {
                                            "file-name": "sub-032633_ses-001_run-1_T1w.json",
                                            "md5sum": "bb4ba9d5d52f7ab6e39e0dd5067d99b5"
                                        },
                                        {
                                            "file-name": "sub-032633_ses-001_run-1_T1w.nii.gz",
                                            "md5sum": "d7cf666080d599c2992a082810a7b1f8"
                                        }
                                    ]
                                }
                            ]
                        }
                    ]
                }
            ]
        },
        "output_dir_name": "results-bids-app-example-simon",
        "analysis_level": "participant"
    },
    "public-output": {
        "stdout": null,
        "stderr": null,
        "exit-code": 0,
        "error-message": "",
        "shell-command": "mkdir -p results-bids-app-example-simon; /run.py /home/glatard/conp-dataset/projects/SIMON-dataset/data_BIDS results-bids-app-example-simon participant",
        "missing-files": {},
        "output-files": {
            "output_dir": {
                "file-name": "results-bids-app-example-simon",
                "files": [
                    {
                        "file-name": "sub-032633_ses-001_run-1_brain.nii.gz",
                        "md5sum": "9e44d9bb7a8c1d706ae16d200a225482"
                    }
                ]
            }
        }
    },
    "additional-information": null
}