{
    "summary": {
        "name": "Dipy Deterministic Tracking",
        "descriptor-doi": "10.5281/zenodo.3338680",
        "date-time": "2019-07-28T01:52:53.320751"
    },
    "public-invocation": {
        "bvals": {
            "file-name": "sub-A00055462_ses-CLG2_dwi.bval",
            "md5sum": "510284f7b876968786209039f5f55bd5"
        },
        "bvecs": {
            "file-name": "sub-A00055462_ses-CLG2_dwi_eddy.eddy_rotated_bvecs",
            "md5sum": "f19454b4b3b91dda08b4b52af5cc4a54"
        },
        "diffusion_image": {
            "file-name": "sub-A00055462_ses-CLG2_dwi_eddy_1vox-4aeb1ff4.json",
            "md5sum": "e14725acd9c4b97e3b0f6cb13e7e2dfb"
        },
        "labels": [
            {
                "file-name": "labels_sub-A00055462_ses-CLG2_dwi_DK_res-2x2x2.nii.gz",
                "md5sum": "067a50eb55440ae03d7f309c5466fb7f"
            }
        ],
        "output_directory": "/project/6008063/gkiar/data/RocklandSample/derivatives/sub-A00055462/ses-CLG2/dwi",
        "prune": 3,
        "seed_mask": {
            "file-name": "sub-A00055462_ses-CLG2_T1w_fast_seg_2_boundary.nii.gz",
            "md5sum": "3de6281c251b16fe3744e979e8518b72"
        },
        "verbose": true,
        "whitematter_mask": {
            "file-name": "sub-A00055462_ses-CLG2_T1w_fast_seg_2.nii.gz",
            "md5sum": "49ba099ac8310c08b23c68560544d559"
        }
    },
    "public-output": {
        "stdout": "Noise added in matrix coordinates at: [(62, 53, 32, 119)]\nNoise added in mm coordinates at: [[-18.0, 29.7772216796875, 15.876510620117188]]\nImage stored in: /project/6008063/gkiar/data/RocklandSample/derivatives/sub-A00055462/ses-CLG2/dwi/sub-A00055462_ses-CLG2_dwi_eddy_1vox-4aeb1ff4\nStreamlines: /project/6008063/gkiar/data/RocklandSample/derivatives/sub-A00055462/ses-CLG2/dwi/sub-A00055462_ses-CLG2_dwi_eddy_1vox-4aeb1ff4_fibers\nGraphs: /project/6008063/gkiar/data/RocklandSample/derivatives/sub-A00055462/ses-CLG2/dwi/sub-A00055462_ses-CLG2_dwi_eddy_1vox-4aeb1ff4_graph-labels_sub-A00055462_ses-CLG2_dwi_DK_res-2x2x2\n",
        "stderr": "/usr/local/lib/python3.7/site-packages/sklearn/externals/joblib/__init__.py:15: DeprecationWarning: sklearn.externals.joblib is deprecated in 0.21 and will be removed in 0.23. Please import this functionality directly from joblib, which can be installed with: pip install joblib. If this warning is raised when loading pickled models, you may need to re-serialize those models with scikit-learn 0.21+.\n  warnings.warn(msg, category=DeprecationWarning)\n",
        "exit-code": 0,
        "error-message": "",
        "shell-command": "/opt/dipy_deterministic_tracking.py /project/6008063/gkiar/data/RocklandSample/derivatives/sub-A00055462/ses-CLG2/dwi/sub-A00055462_ses-CLG2_dwi_eddy_1vox-4aeb1ff4.json /project/6008063/gkiar/data/RocklandSample/derivatives/sub-A00055462/ses-CLG2/dwi/sub-A00055462_ses-CLG2_dwi_eddy.eddy_rotated_bvecs /project/6008063/gkiar/data/RocklandSample/sub-A00055462/ses-CLG2/dwi/sub-A00055462_ses-CLG2_dwi.bval /project/6008063/gkiar/data/RocklandSample/derivatives/sub-A00055462/ses-CLG2/dwi/sub-A00055462_ses-CLG2_T1w_fast_seg_2.nii.gz /project/6008063/gkiar/data/RocklandSample/derivatives/sub-A00055462/ses-CLG2/dwi/sub-A00055462_ses-CLG2_T1w_fast_seg_2_boundary.nii.gz /project/6008063/gkiar/data/RocklandSample/derivatives/sub-A00055462/ses-CLG2/dwi --labels /project/6008063/gkiar/data/RocklandSample/derivatives/sub-A00055462/ses-CLG2/dwi/labels_sub-A00055462_ses-CLG2_dwi_DK_res-2x2x2.nii.gz --verbose --prune 3",
        "missing-files": {},
        "output-files": {
            "fibers": {
                "file-name": "sub-A00055462_ses-CLG2_dwi_eddy_1vox-4aeb1ff4_fibers.trk",
                "md5sum": "a982ebc210574a2cf5fc04b644f752cf"
            },
            "graph": {
                "file-name": "sub-A00055462_ses-CLG2_dwi_eddy_1vox-4aeb1ff4_graph-labels_sub-A00055462_ses-CLG2_dwi_DK_res-2x2x2.png",
                "md5sum": "cda16a098815d035b1eccff3416c56ab"
            },
            "graph_plot": {
                "file-name": "sub-A00055462_ses-CLG2_dwi_eddy_1vox-4aeb1ff4_graph-labels_sub-A00055462_ses-CLG2_dwi_DK_res-2x2x2.mat",
                "md5sum": "30c2ef981b59a2820f1b3d27bef99763"
            }
        }
    }
}