{
    "summary": {
        "name": "Example Boutiques Tool",
        "descriptor-doi": "10.5281/zenodo.22222",
        "date-time": "2020-05-31_15h33m23s542376ms"
    },
    "public-invocation": {
        "str_input_list": [
            "a",
            "b",
            "c"
        ],
        "str_input": "coin;plop",
        "file_input": {
            "file-name": "setup.py",
            "md5sum": "696ec573ff3aa6daf88f12f8f8ab3d23"
        },
        "file_list_input": [
            {
                "file-name": "setup.py",
                "md5sum": "696ec573ff3aa6daf88f12f8f8ab3d23"
            },
            {
                "file-name": "requirements.txt",
                "md5sum": "476a6f25bce661a658ac9f75c0e4c68e"
            }
        ],
        "list_int_input": [
            1,
            2,
            3
        ],
        "config_num": 4,
        "enum_input": "val1"
    },
    "public-output": {
        "stdout": "This is stdout",
        "stderr": "This is stderr",
        "exit-code": 0,
        "error-message": "",
        "shell-command": "exampleTool1.py -c ./config.txt -i a b c -s 'coin;plop' -t ./setup.py requirements.txt -e val1 ./setup.py 'log-4-coin;plop.txt' -l 1 2 3",
        "missing-files": {},
        "output-files": {
            "logfile": {
                "file-name": "log-4-coin;plop.txt",
                "md5sum": "8bb2564936980e92ceec8a5759ec34a8"
            },
            "config_file": {
                "file-name": "config.txt",
                "md5sum": "ee9cdba358282652236c5bfb61180ef5"
            }
        }
    },
    "additional-information": null
}