{
    "summary": {
        "name": "fsl_bet",
        "descriptor-doi": "10.5281/zenodo.1482743",
        "date-time": "2020-07-16_17h22m58s147541ms"
    },
    "public-invocation": {
        "infile": {
            "file-name": "sub-032633_ses-001_run-1_T1w.nii.gz",
            "md5sum": "d7cf666080d599c2992a082810a7b1f8"
        },
        "maskfile": "mask.nii.gz"
    },
    "public-output": {
        "stdout": null,
        "stderr": null,
        "exit-code": 0,
        "error-message": "",
        "shell-command": "bet conp-dataset/projects/SIMON-dataset/data_BIDS/sub-032633/ses-001/anat/sub-032633_ses-001_run-1_T1w.nii.gz mask.nii.gz",
        "missing-files": {},
        "output-files": {}
    },
    "additional-information": null
}