{
    "summary": {
        "name": "fsl_first",
        "descriptor-doi": "10.5281/zenodo.1494312",
        "date-time": "2020-06-18_22h55m51s195681ms"
    },
    "public-invocation": {
        "input_file": {
            "file-name": "f_input_file_96.mnc",
            "not_found": true
        },
        "prefix": "str_prefix_7V"
    },
    "public-output": {
        "stdout": null,
        "stderr": null,
        "exit-code": 0,
        "error-message": "",
        "shell-command": "mkdir -p f_input_file_96.mnc; run_first_all -i f_input_file_96.mnc -o f_input_file_96.mnc/str_prefix_7V",
        "missing-files": {
            "std_sub_outputs": "f_input_file_96.mnc_to_std_sub*"
        },
        "output-files": {
            "outputs": {
                "file-name": "f_input_file_96.mnc",
                "files": [
                    {
                        "file-name": "str_prefix_7V.com",
                        "md5sum": "9e540ffe74b5d82741506d6daea6d8ac"
                    },
                    {
                        "file-name": "str_prefix_7V.com2",
                        "md5sum": "494da0856c15e467aa10687058982acc"
                    },
                    {
                        "file-name": "str_prefix_7V.com3",
                        "md5sum": "beb8e786faa30f68a444d6b49bc2ecbb"
                    },
                    {
                        "file-name": "str_prefix_7V.logs",
                        "files": [
                            {
                                "file-name": "clean_up.e1625.1",
                                "md5sum": "d41d8cd98f00b204e9800998ecf8427e"
                            },
                            {
                                "file-name": "clean_up.o1625.1",
                                "md5sum": "d41d8cd98f00b204e9800998ecf8427e"
                            },
                            {
                                "file-name": "first.e217.1",
                                "md5sum": "d41d8cd98f00b204e9800998ecf8427e"
                            },
                            {
                                "file-name": "first.e217.10",
                                "md5sum": "d41d8cd98f00b204e9800998ecf8427e"
                            },
                            {
                                "file-name": "first.e217.11",
                                "md5sum": "d41d8cd98f00b204e9800998ecf8427e"
                            },
                            {
                                "file-name": "first.e217.12",
                                "md5sum": "d41d8cd98f00b204e9800998ecf8427e"
                            },
                            {
                                "file-name": "first.e217.13",
                                "md5sum": "d41d8cd98f00b204e9800998ecf8427e"
                            },
                            {
                                "file-name": "first.e217.14",
                                "md5sum": "d41d8cd98f00b204e9800998ecf8427e"
                            },
                            {
                                "file-name": "first.e217.15",
                                "md5sum": "d41d8cd98f00b204e9800998ecf8427e"
                            },
                            {
                                "file-name": "first.e217.2",
                                "md5sum": "d41d8cd98f00b204e9800998ecf8427e"
                            },
                            {
                                "file-name": "first.e217.3",
                                "md5sum": "d41d8cd98f00b204e9800998ecf8427e"
                            },
                            {
                                "file-name": "first.e217.4",
                                "md5sum": "d41d8cd98f00b204e9800998ecf8427e"
                            },
                            {
                                "file-name": "first.e217.5",
                                "md5sum": "d41d8cd98f00b204e9800998ecf8427e"
                            },
                            {
                                "file-name": "first.e217.6",
                                "md5sum": "d41d8cd98f00b204e9800998ecf8427e"
                            },
                            {
                                "file-name": "first.e217.7",
                                "md5sum": "d41d8cd98f00b204e9800998ecf8427e"
                            },
                            {
                                "file-name": "first.e217.8",
                                "md5sum": "d41d8cd98f00b204e9800998ecf8427e"
                            },
                            {
                                "file-name": "first.e217.9",
                                "md5sum": "d41d8cd98f00b204e9800998ecf8427e"
                            },
                            {
                                "file-name": "first.o217.1",
                                "md5sum": "feed2b0dd61d582b01e98e639ae71a29"
                            },
                            {
                                "file-name": "first.o217.10",
                                "md5sum": "1319856125c2df53370453c7a4a201fb"
                            },
                            {
                                "file-name": "first.o217.11",
                                "md5sum": "2eb844fe5bc4fe6ddfb24f7f59860f14"
                            },
                            {
                                "file-name": "first.o217.12",
                                "md5sum": "f9f76a551e05da8ff213df9c438b235d"
                            },
                            {
                                "file-name": "first.o217.13",
                                "md5sum": "aff8619d30f440d33e2b98edb3fd9954"
                            },
                            {
                                "file-name": "first.o217.14",
                                "md5sum": "84fdabc5bf7aff260d9371dc0eadeb9c"
                            },
                            {
                                "file-name": "first.o217.15",
                                "md5sum": "8978b1fc9cb2411c53b64b9802241f6d"
                            },
                            {
                                "file-name": "first.o217.2",
                                "md5sum": "ebd854dc837453f9deff1904447eeaa4"
                            },
                            {
                                "file-name": "first.o217.3",
                                "md5sum": "cc3c3d09c9e45ffa4215e5b803e756fb"
                            },
                            {
                                "file-name": "first.o217.4",
                                "md5sum": "97586d6fdfd5ce9056f52d04ca8cbcea"
                            },
                            {
                                "file-name": "first.o217.5",
                                "md5sum": "d0437b223a570ddba49a61bdfe3ef7d3"
                            },
                            {
                                "file-name": "first.o217.6",
                                "md5sum": "51a85307dfe9fdeeefc679377a06258b"
                            },
                            {
                                "file-name": "first.o217.7",
                                "md5sum": "f3e792c2c23a3cf2fee711062f95c850"
                            },
                            {
                                "file-name": "first.o217.8",
                                "md5sum": "a7affd40a6969b53c67b25b089165dc9"
                            },
                            {
                                "file-name": "first.o217.9",
                                "md5sum": "2e5ae4b975fac94597be3bfb5b5e7f5a"
                            },
                            {
                                "file-name": "first_flirt.e81",
                                "md5sum": "507e3f5b923375562ee8d4597d026ecd"
                            },
                            {
                                "file-name": "first_flirt.o81",
                                "md5sum": "aef96ccf7d3223365a6c6ecb9dc3c398"
                            },
                            {
                                "file-name": "first_post.e1610.1",
                                "md5sum": "f15560c9f3a7cf7d8e14ece4f5bb9a3d"
                            },
                            {
                                "file-name": "first_post.o1610.1",
                                "md5sum": "d41d8cd98f00b204e9800998ecf8427e"
                            }
                        ]
                    }
                ]
            }
        }
    },
    "additional-information": null
}