{
    "summary": {
        "name": "fsl_bet",
        "descriptor-doi": "10.5281/zenodo.1482743",
        "date-time": "2019-06-09T02:22:20.677452"
    },
    "public-invocation": {
        "infile": {
            "file-name": "test.nii.gz",
            "md5sum": "9daa5cff15e633a044b0df44a626abe1"
        },
        "maskfile": "test_brain.nii.gz"
    },
    "public-output": {
        "stdout": "",
        "stderr": "",
        "exit-code": 0,
        "error-message": "",
        "shell-command": "bet ./data/test.nii.gz test_brain.nii.gz                   ",
        "missing-files": {},
        "output-files": {}
    }
}