{
    "summary": {
        "name": "fsl_bet",
        "descriptor-doi": "10.5281/zenodo.1482743",
        "date-time": "2020-06-11_23h50m43s874254ms"
    },
    "public-invocation": {
        "infile": {
            "file-name": "bigbrain.loris.ca_BigBrainRelease.2015_3D_Volumes_Histological_Space_full16_1000um_optbal.nii.gz",
            "md5sum": "58644c5fd4ec309a195b6ab296ad3cfe"
        },
        "maskfile": "bigbrain.loris.ca_BigBrainRelease.2015_3D_Volumes_Histological_Space_full16_1000um_optbal_brain"
    },
    "public-output": {
        "stdout": null,
        "stderr": null,
        "exit-code": 0,
        "error-message": "",
        "shell-command": "bet bigbrain.loris.ca_BigBrainRelease.2015_3D_Volumes_Histological_Space_full16_1000um_optbal.nii.gz bigbrain.loris.ca_BigBrainRelease.2015_3D_Volumes_Histological_Space_full16_1000um_optbal_brain",
        "missing-files": {},
        "output-files": {
            "outfile": {
                "file-name": "bigbrain.loris.ca_BigBrainRelease.2015_3D_Volumes_Histological_Space_full16_1000um_optbal_brain.nii.gz",
                "md5sum": "553d7e156ce8dde186c4e7affca8011f"
            }
        }
    },
    "additional-information": null
}