{
    "summary": {
        "name": "fsl_fast",
        "descriptor-doi": "10.5281/zenodo.1494308",
        "date-time": "2020-06-18_22h43m40s063410ms"
    },
    "public-invocation": {
        "output_basename": "str_output_basename_ct",
        "in_files": {
            "file-name": "sub-01_space-MNI152NLin2009cAsym_desc-grey_mask.nii.gz",
            "md5sum": "59f80b4008e581bcf4f3510869ee6200"
        }
    },
    "public-output": {
        "stdout": null,
        "stderr": null,
        "exit-code": 1,
        "error-message": "",
        "shell-command": "fast -o str_output_basename_ct sub-01_space-MNI152NLin2009cAsym_desc-grey_mask.nii.gz; mkdir str_output_basename_ct; mv str_output_basename_ct_* str_output_basename_ct",
        "missing-files": {},
        "output-files": {
            "output_dir": {
                "file-name": "str_output_basename_ct",
                "files": []
            }
        }
    },
    "additional-information": null
}