{
    "summary": {
        "name": "fsl_bet",
        "descriptor-doi": "10.5281/zenodo.1482743",
        "date-time": "2020-07-16_17h22m51s862581ms"
    },
    "public-invocation": {
        "infile": {
            "file-name": "sub-1004359_ses-PREBL00_run-001_T1w.nii.gz",
            "md5sum": "d7fb3e352e12db0360f69c32b093d544"
        },
        "maskfile": "mask.nii.gz"
    },
    "public-output": {
        "stdout": null,
        "stderr": null,
        "exit-code": 0,
        "error-message": "",
        "shell-command": "bet conp-dataset/projects/preventad-open-bids/BIDS_dataset/sub-1004359/ses-PREBL00/anat/sub-1004359_ses-PREBL00_run-001_T1w.nii.gz mask.nii.gz",
        "missing-files": {},
        "output-files": {}
    },
    "additional-information": null
}