{
    "summary": {
        "name": "fsl_bet",
        "descriptor-doi": "10.5281/zenodo.1482743",
        "date-time": "2020-07-16_17h22m38s817730ms"
    },
    "public-invocation": {
        "infile": {
            "file-name": "sub-01_T1w.nii.gz",
            "md5sum": "1a15c8065b8eb994765065ad2ee93ca4"
        },
        "maskfile": "mask.nii.gz"
    },
    "public-output": {
        "stdout": null,
        "stderr": null,
        "exit-code": 0,
        "error-message": "",
        "shell-command": "bet conp-dataset/projects/openpain/placebo_predict_tetreault/sub-01/anat/sub-01_T1w.nii.gz mask.nii.gz",
        "missing-files": {},
        "output-files": {}
    },
    "additional-information": null
}