{
    "summary": {
        "name": "fsl_bet",
        "descriptor-doi": "10.5281/zenodo.1482743",
        "date-time": "2019-04-11T21:54:51.747382"
    },
    "public-invocation": {
        "infile": {
            "file-name": "image.nii.gz",
            "hash": "433b12536427334ded8e10eeb4a62d00"
        },
        "maskfile": "/tmp/image_brain.nii.gz"
    },
    "public-output": {
        "stdout": "",
        "stderr": "",
        "exit-code": 0,
        "error-message": "",
        "shell-command": "bet /tmp/image.nii.gz /tmp/image_brain.nii.gz                   ",
        "missing-files": {},
        "output-files": {}
    }
}