{
    "summary": {
        "name": "fsl_bet",
        "descriptor-doi": "10.5281/zenodo.1482743",
        "date-time": "2020-05-25_13h08m40s478832ms"
    },
    "public-invocation": {
        "infile": {
            "file-name": "bigbrain.loris.ca_BigBrainRelease.2015_3D_Classified_Volumes_Histological_Space_full_cls_1000um.nii.gz",
            "md5sum": "7ef7f181db2df7bf81367f5a7e672391"
        },
        "maskfile": "bigbrain.loris.ca_BigBrainRelease.2015_3D_Classified_Volumes_Histological_Space_full_cls_1000um_brain"
    },
    "public-output": {
        "stdout": null,
        "stderr": null,
        "exit-code": 0,
        "error-message": "",
        "shell-command": "bet bigbrain.loris.ca_BigBrainRelease.2015_3D_Classified_Volumes_Histological_Space_full_cls_1000um.nii.gz bigbrain.loris.ca_BigBrainRelease.2015_3D_Classified_Volumes_Histological_Space_full_cls_1000um_brain",
        "missing-files": {},
        "output-files": {
            "outfile": {
                "file-name": "bigbrain.loris.ca_BigBrainRelease.2015_3D_Classified_Volumes_Histological_Space_full_cls_1000um_brain.nii.gz",
                "md5sum": "689ba6c644370d1d2cfaa550520da8e7"
            }
        }
    },
    "additional-information": null
}