{
    "summary": {
        "name": "fsl_bet",
        "descriptor-doi": "10.5281/zenodo.1482743",
        "date-time": "2020-05-25_13h32m00s650990ms"
    },
    "public-invocation": {
        "infile": {
            "file-name": "bigbrain.loris.ca_BigBrainRelease.2015_3D_Classified_Volumes_MNI_ICBM152_Space_full_cls_400um_2009b_sym.nii.gz",
            "md5sum": "743498bdb37b60313bb27c38b286e9e9"
        },
        "maskfile": "bigbrain.loris.ca_BigBrainRelease.2015_3D_Classified_Volumes_MNI_ICBM152_Space_full_cls_400um_2009b_sym_brain"
    },
    "public-output": {
        "stdout": null,
        "stderr": null,
        "exit-code": 0,
        "error-message": "",
        "shell-command": "bet bigbrain.loris.ca_BigBrainRelease.2015_3D_Classified_Volumes_MNI_ICBM152_Space_full_cls_400um_2009b_sym.nii.gz bigbrain.loris.ca_BigBrainRelease.2015_3D_Classified_Volumes_MNI_ICBM152_Space_full_cls_400um_2009b_sym_brain",
        "missing-files": {},
        "output-files": {
            "outfile": {
                "file-name": "bigbrain.loris.ca_BigBrainRelease.2015_3D_Classified_Volumes_MNI_ICBM152_Space_full_cls_400um_2009b_sym_brain.nii.gz",
                "md5sum": "53b2cd8e0da76cd5bb7495fa0f88db9c"
            }
        }
    },
    "additional-information": null
}