{
    "summary": {
        "name": "fsl_bet",
        "descriptor-doi": "10.5281/zenodo.1482743",
        "date-time": "2020-07-16_17h22m13s585697ms"
    },
    "public-invocation": {
        "infile": {
            "file-name": "t1.nii.gz",
            "md5sum": "0614e4e806ddc9c449d310eed319f289"
        },
        "maskfile": "mask.nii.gz"
    },
    "public-output": {
        "stdout": null,
        "stderr": null,
        "exit-code": 0,
        "error-message": "",
        "shell-command": "bet conp-dataset/projects/openpain/cbp_resting/cbp01/t1/t1.nii.gz mask.nii.gz",
        "missing-files": {},
        "output-files": {}
    },
    "additional-information": null
}