{
    "summary": {
        "name": "fslstats",
        "descriptor-doi": "10.5281/zenodo.3240521",
        "date-time": "2020-06-11_14h14m45s099609ms"
    },
    "public-invocation": {
        "input_file": {
            "file-name": "sub-032633_ses-001_run-1_T1w.nii.gz",
            "md5sum": "d7cf666080d599c2992a082810a7b1f8"
        },
        "H": [
            20.226,
            -13.447,
            17.261
        ]
    },
    "public-output": {
        "stdout": null,
        "stderr": null,
        "exit-code": 0,
        "error-message": "",
        "shell-command": "fslstats sub-032633_ses-001_run-1_T1w.nii.gz -H 20.226 -13.447 17.261 > output.txt",
        "missing-files": {},
        "output-files": {
            "output": {
                "file-name": "output.txt",
                "md5sum": "0fe18f19074a152918ec47078d9c4df9"
            }
        }
    },
    "additional-information": null
}