{
    "summary": {
        "name": "fslstats",
        "descriptor-doi": "10.5281/zenodo.3240521",
        "date-time": "2020-07-16_17h23m17s880894ms"
    },
    "public-invocation": {
        "input_file": {
            "file-name": "PL001_visit2_t1_defaced.nii.gz",
            "md5sum": "a7f11079d50f7a5d5582986486866d42"
        },
        "V": true
    },
    "public-output": {
        "stdout": null,
        "stderr": null,
        "exit-code": 0,
        "error-message": "",
        "shell-command": "fslstats conp-dataset/projects/openpain/placebo_1/PL001/visit2/anat/PL001_visit2_t1_defaced.nii.gz -V > output.txt",
        "missing-files": {},
        "output-files": {
            "output": {
                "file-name": "output.txt",
                "md5sum": "34fe6c52ab95a71cafe0e2ddedc2c944"
            }
        }
    },
    "additional-information": null
}