{
    "summary": {
        "name": "fslstats",
        "descriptor-doi": "10.5281/zenodo.3240521",
        "date-time": "2020-07-16_17h23m29s354726ms"
    },
    "public-invocation": {
        "input_file": {
            "file-name": "sub-032633_ses-001_run-1_T1w.nii.gz",
            "md5sum": "d7cf666080d599c2992a082810a7b1f8"
        },
        "V": true
    },
    "public-output": {
        "stdout": null,
        "stderr": null,
        "exit-code": 0,
        "error-message": "",
        "shell-command": "fslstats conp-dataset/projects/SIMON-dataset/data_BIDS/sub-032633/ses-001/anat/sub-032633_ses-001_run-1_T1w.nii.gz -V > output.txt",
        "missing-files": {},
        "output-files": {
            "output": {
                "file-name": "output.txt",
                "md5sum": "f9442b22caac9a05f2b903054270b27d"
            }
        }
    },
    "additional-information": null
}