{
    "summary": {
        "name": "fslstats",
        "descriptor-doi": "10.5281/zenodo.3240521",
        "date-time": "2020-06-12_00h32m51s266662ms"
    },
    "public-invocation": {
        "input_file": {
            "file-name": "bigbrain.loris.ca_BigBrainRelease.2015_3D_Classified_Volumes_Histological_Space_full_cls_100um.nii.gz",
            "md5sum": "8a5beb6542091109f2d5d80901efc5ab"
        },
        "p": 29
    },
    "public-output": {
        "stdout": null,
        "stderr": null,
        "exit-code": 255,
        "error-message": "",
        "shell-command": "fslstats bigbrain.loris.ca_BigBrainRelease.2015_3D_Classified_Volumes_Histological_Space_full_cls_100um.nii.gz -p 29 > output.txt",
        "missing-files": {},
        "output-files": {
            "output": {
                "file-name": "output.txt",
                "md5sum": "d41d8cd98f00b204e9800998ecf8427e"
            }
        }
    },
    "additional-information": null
}