{
    "summary": {
        "name": "fslstats",
        "descriptor-doi": "10.5281/zenodo.3240521",
        "date-time": "2020-07-16_17h23m06s784833ms"
    },
    "public-invocation": {
        "input_file": {
            "file-name": "muskrat.nii.gz",
            "md5sum": "5b06f3b2fb205de4d58674cc018c1043"
        },
        "V": true
    },
    "public-output": {
        "stdout": null,
        "stderr": null,
        "exit-code": 0,
        "error-message": "",
        "shell-command": "fslstats conp-dataset/projects/MRI_and_unbiased_averages_of_wild_muskrats__Ondatra_zibethicus__and_red_squirrels__Tamiasciurus_hudsonicus_/data_release/muskrat/muskrat.nii.gz -V > output.txt",
        "missing-files": {},
        "output-files": {
            "output": {
                "file-name": "output.txt",
                "md5sum": "bc4f33b50d7aedf5ee6ca29d5bd65782"
            }
        }
    },
    "additional-information": null
}