{
    "summary": {
        "name": "fslstats",
        "descriptor-doi": "10.5281/zenodo.3240521",
        "date-time": "2020-07-16_17h23m12s224771ms"
    },
    "public-invocation": {
        "input_file": {
            "file-name": "highres001_full_normfilter.nii.gz",
            "md5sum": "2329ddc6dccd93ff397952deae75c2f7"
        },
        "V": true
    },
    "public-output": {
        "stdout": null,
        "stderr": null,
        "exit-code": 0,
        "error-message": "",
        "shell-command": "fslstats conp-dataset/projects/openpain/thermal/cbp001/t1/highres001_full_normfilter.nii.gz -V > output.txt",
        "missing-files": {},
        "output-files": {
            "output": {
                "file-name": "output.txt",
                "md5sum": "4262ad12aa413f79e83422f79f457411"
            }
        }
    },
    "additional-information": null
}