{
    "summary": {
        "name": "fslstats",
        "descriptor-doi": "10.5281/zenodo.3240521",
        "date-time": "2020-07-16_17h23m26s529297ms"
    },
    "public-invocation": {
        "input_file": {
            "file-name": "sub-1004359_ses-PREBL00_run-001_T1w.nii.gz",
            "md5sum": "d7fb3e352e12db0360f69c32b093d544"
        },
        "V": true
    },
    "public-output": {
        "stdout": null,
        "stderr": null,
        "exit-code": 0,
        "error-message": "",
        "shell-command": "fslstats conp-dataset/projects/preventad-open-bids/BIDS_dataset/sub-1004359/ses-PREBL00/anat/sub-1004359_ses-PREBL00_run-001_T1w.nii.gz -V > output.txt",
        "missing-files": {},
        "output-files": {
            "output": {
                "file-name": "output.txt",
                "md5sum": "9aab26b20116058545011b30ba42d44a"
            }
        }
    },
    "additional-information": null
}