{
    "summary": {
        "name": "fslstats",
        "descriptor-doi": "10.5281/zenodo.3240521",
        "date-time": "2020-07-16_17h23m00s777770ms"
    },
    "public-invocation": {
        "input_file": {
            "file-name": "sub-HCPUR100_t1w.nii.gz",
            "md5sum": "6248ded9a528636072aba8b4ec857dfb"
        },
        "V": true
    },
    "public-output": {
        "stdout": null,
        "stderr": null,
        "exit-code": 0,
        "error-message": "",
        "shell-command": "fslstats conp-dataset/projects/Khanlab/HCPUR100-Template/sub-HCPUR100/anat/sub-HCPUR100_t1w.nii.gz -V > output.txt",
        "missing-files": {},
        "output-files": {
            "output": {
                "file-name": "output.txt",
                "md5sum": "5a540e9e2f2493ceeee243a6307b214f"
            }
        }
    },
    "additional-information": null
}