{
    "summary": {
        "name": "fslstats",
        "descriptor-doi": "10.5281/zenodo.3240521",
        "date-time": "2020-07-16_17h23m09s566973ms"
    },
    "public-invocation": {
        "input_file": {
            "file-name": "t1.nii.gz",
            "md5sum": "0614e4e806ddc9c449d310eed319f289"
        },
        "V": true
    },
    "public-output": {
        "stdout": null,
        "stderr": null,
        "exit-code": 0,
        "error-message": "",
        "shell-command": "fslstats conp-dataset/projects/openpain/cbp_resting/cbp01/t1/t1.nii.gz -V > output.txt",
        "missing-files": {},
        "output-files": {
            "output": {
                "file-name": "output.txt",
                "md5sum": "f278e53256c1157495337a92a1fa4f76"
            }
        }
    },
    "additional-information": null
}