{
    "summary": {
        "name": "fslstats",
        "descriptor-doi": "10.5281/zenodo.3240521",
        "date-time": "2020-07-16_17h23m03s359726ms"
    },
    "public-invocation": {
        "input_file": {
            "file-name": "sub-01_T1w.nii.gz",
            "not_found": true
        },
        "V": true
    },
    "public-output": {
        "stdout": null,
        "stderr": null,
        "exit-code": 255,
        "error-message": "",
        "shell-command": "fslstats conp-dataset/projects/visual-working-memory/sub-01/anat/sub-01_T1w.nii.gz -V > output.txt",
        "missing-files": {},
        "output-files": {
            "output": {
                "file-name": "output.txt",
                "md5sum": "d41d8cd98f00b204e9800998ecf8427e"
            }
        }
    },
    "additional-information": null
}