{
    "summary": {
        "name": "fslstats",
        "descriptor-doi": "10.5281/zenodo.3240521",
        "date-time": "2020-06-11_23h54m10s321367ms"
    },
    "public-invocation": {
        "input_file": {
            "file-name": "bigbrain.loris.ca_BigBrainRelease.2015_3D_Volumes_Histological_Space_full16_1000um_optbal.nii.gz",
            "md5sum": "58644c5fd4ec309a195b6ab296ad3cfe"
        },
        "H": [
            48.197,
            3.682,
            -12.066
        ]
    },
    "public-output": {
        "stdout": null,
        "stderr": null,
        "exit-code": 0,
        "error-message": "",
        "shell-command": "fslstats bigbrain.loris.ca_BigBrainRelease.2015_3D_Volumes_Histological_Space_full16_1000um_optbal.nii.gz -H 48.197 3.682 -12.066 > output.txt",
        "missing-files": {},
        "output-files": {
            "output": {
                "file-name": "output.txt",
                "md5sum": "b3cf2e3262f96f987117097107c662fc"
            }
        }
    },
    "additional-information": null
}