{
    "summary": {
        "name": "fslstats",
        "descriptor-doi": "10.5281/zenodo.3240521",
        "date-time": "2020-07-16_17h23m15s031285ms"
    },
    "public-invocation": {
        "input_file": {
            "file-name": "sub_01_control_site_1_T1w.nii.gz",
            "md5sum": "11635b3302b5d73eb12bafe6a9110272"
        },
        "V": true
    },
    "public-output": {
        "stdout": null,
        "stderr": null,
        "exit-code": 0,
        "error-message": "",
        "shell-command": "fslstats conp-dataset/projects/openpain/BrainNetworkChange_Mano/sub_01_control_site_1/anat/sub_01_control_site_1_T1w.nii.gz -V > output.txt",
        "missing-files": {},
        "output-files": {
            "output": {
                "file-name": "output.txt",
                "md5sum": "09c20264b3ffd1a5a20eae8ff3b181df"
            }
        }
    },
    "additional-information": null
}