{
    "summary": {
        "name": "fslstats",
        "descriptor-doi": "10.5281/zenodo.3240521",
        "date-time": "2020-06-11_22h42m39s232799ms"
    },
    "public-invocation": {
        "input_file": {
            "file-name": "sub_01_control_site_2_T1w.nii.gz",
            "md5sum": "6c96ff8fab07011c518a112f1736099a"
        },
        "H": [
            45.03,
            -25.912,
            11.37
        ]
    },
    "public-output": {
        "stdout": null,
        "stderr": null,
        "exit-code": 0,
        "error-message": "",
        "shell-command": "fslstats sub_01_control_site_2_T1w.nii.gz -H 45.03 -25.912 11.37 > output.txt",
        "missing-files": {},
        "output-files": {
            "output": {
                "file-name": "output.txt",
                "md5sum": "085d4fe3ad51d6ba89cd19114f19a3b4"
            }
        }
    },
    "additional-information": null
}