{
    "summary": {
        "name": "MCFLIRT",
        "descriptor-doi": "10.5281/zenodo.2602109",
        "date-time": "2019-10-18T14:19:10.751556"
    },
    "public-invocation": {
        "in_file": {
            "file-name": "test.nii.gz",
            "not_found": true
        }
    },
    "public-output": {
        "stdout": "",
        "stderr": "docker: Cannot connect to the Docker daemon at unix:///var/run/docker.sock. Is the docker daemon running?.\nSee 'docker run --help'.\n",
        "exit-code": 125,
        "error-message": "",
        "shell-command": "mcflirt -in /tmp/test.nii.gz",
        "missing-files": {},
        "output-files": {}
    },
    "additional-information": null
}