{
    "summary": {
        "name": "MCFLIRT",
        "descriptor-doi": "10.5281/zenodo.2602109",
        "date-time": "2020-06-11_14h28m49s777301ms"
    },
    "public-invocation": {
        "in_file": {
            "file-name": "sub-032633_ses-002_run-1_T1w.nii.gz",
            "md5sum": "fe6649fdb2aa3a4add078891b407de4c"
        }
    },
    "public-output": {
        "stdout": null,
        "stderr": null,
        "exit-code": 0,
        "error-message": "",
        "shell-command": "mcflirt -in sub-032633_ses-002_run-1_T1w.nii.gz",
        "missing-files": {},
        "output-files": {}
    },
    "additional-information": null
}