{
    "summary": {
        "name": "MCFLIRT",
        "descriptor-doi": "10.5281/zenodo.2602109",
        "date-time": "2019-10-18T14:19:03.880238"
    },
    "public-invocation": {
        "in_file": {
            "file-name": "test.nii.gz",
            "not_found": true
        }
    },
    "public-output": {
        "stdout": null,
        "stderr": null,
        "exit-code": 125,
        "error-message": "",
        "shell-command": "mcflirt -in /tmp/test.nii.gz",
        "missing-files": {},
        "output-files": {}
    },
    "additional-information": null
}