{
    "summary": {
        "name": "MCFLIRT",
        "descriptor-doi": "10.5281/zenodo.2602109",
        "date-time": "2020-07-16_17h29m33s419429ms"
    },
    "public-invocation": {
        "in_file": {
            "file-name": "sub-01_task-rest_bold.nii.gz",
            "md5sum": "1f1822c8131f5af21f5f9ef797165ce9"
        }
    },
    "public-output": {
        "stdout": null,
        "stderr": null,
        "exit-code": 0,
        "error-message": "",
        "shell-command": "mcflirt -in conp-dataset/projects/openpain/placebo_predict_tetreault/sub-01/func/sub-01_task-rest_bold.nii.gz",
        "missing-files": {},
        "output-files": {}
    },
    "additional-information": null
}