{
    "summary": {
        "name": "MCFLIRT",
        "descriptor-doi": "10.5281/zenodo.2602109",
        "date-time": "2019-10-09T09:15:48.066355"
    },
    "public-invocation": {
        "in_file": {
            "file-name": "test.nii.gz",
            "md5sum": "433b12536427334ded8e10eeb4a62d00"
        }
    },
    "public-output": {
        "stdout": null,
        "stderr": null,
        "exit-code": 0,
        "error-message": "",
        "shell-command": "mcflirt -in test.nii.gz",
        "missing-files": {},
        "output-files": {}
    },
    "additional-information": null
}