{
    "summary": {
        "name": "MCFLIRT",
        "descriptor-doi": "10.5281/zenodo.2602109",
        "date-time": "2019-04-11T21:31:08.473348"
    },
    "public-invocation": {
        "dof": 9,
        "in_file": {
            "file-name": "image.nii.gz",
            "hash": "433b12536427334ded8e10eeb4a62d00"
        },
        "out_file": {
            "file-name": "image_mc.nii.gz",
            "not_found": true
        }
    },
    "public-output": {
        "stdout": "",
        "stderr": "",
        "exit-code": 0,
        "error-message": "",
        "shell-command": "mcflirt -in /tmp/image.nii.gz   -dof 9    -out /tmp/image_mc.nii.gz            ",
        "missing-files": {},
        "output-files": {
            "out_file_outfile": {
                "file-name": "image_mc.nii.gz",
                "hash": "5823cbdadd7bd39e208de1f3488d50c6"
            }
        }
    }
}